8189073;8186322;8185017;8186284;8189551;8184982;8187089;8186687;8177053;8171552;8166448;;;;
8189299;8186574;8184872;8186242;8189421;8184700;8187258;8186754;8176979;8171698;8166514;;;;
8189608;8186759;8184778;8186309;8189341;8184597;8187578;8186712;8176876;8171556;8166563;;;;
8189724;8186720;8184809;8186368;8189413;8184680;8187699;8186736;8176688;8171539;8166607;;;;
8189359;8186551;8184806;8186563;8189548;8184868;8187768;8186786;8176651;8171599;8166559;;;;
8189093;8186275;8184656;8186365;8189495;8184987;8187914;8186746;8176483;8171700;8166590;;;;
8188958;8186155;8184512;8186184;8189410;8184922;8188125;8186842;8176385;8171668;8166751;;;;
8189024;8186188;8184451;8186358;8189323;8184973;8188151;8187062;8176332;8171731;8166866;;;;
8189175;8185941;8184655;8186458;8189476;8185172;8188179;8187088;8176338;8171768;8166802;;;;
8189027;8184469;8184817;8186457;8189223;8185307;8188313;8186945;8176382;8171718;8166579;;;;
8188668;8184479;8184775;8186349;8189443;8185255;8188477;8186810;8176750;8171793;8166485;;;;
8188392;8185418;8184860;8186129;8189700;8185345;8188479;8187040;8176785;8171768;8166569;;;;
8188325;8185763;8184985;8186031;8189406;8185395;8188447;8187230;8176509;8171577;8166574;;;;
8188411;8186181;8185176;8186230;8189091;8185280;8188277;8187091;8176321;8171477;8166512;;;;
8188308;8186606;8185000;8186414;8188890;8185502;8188188;8187008;8176175;8171380;8166414;;;;
8188152;8187097;8184820;8186242;8188880;8185793;8188326;8187185;8176329;8171561;8166309;;;;
8188273;8187378;8184886;8186166;8188682;8185865;8188439;8187307;8176411;8171531;8165751;;;;
8188461;8187228;8185148;8186145;8188667;8185953;8188319;8187149;8176270;8171173;8164324;;;;
8188328;8187124;8185358;8185942;8188704;8185889;8188284;8187222;8176021;8171127;8163869;;;;
8188056;8187228;8185182;8185760;8188727;8185911;8188478;8187345;8175995;8171457;8164040;;;;
8187865;8187303;8184908;8185580;8188843;8186192;8188709;8187567;8176079;8171436;8164028;;;;
8187811;8187240;8184852;8185633;8189048;8186426;8188763;8187636;8175928;8171348;8163958;;;;
8187857;8186970;8185064;8186023;8188996;8186760;8188726;8187485;8175885;8170978;8163975;;;;
8187833;8186643;8185212;8186013;8188816;8186986;8188748;8187576;8175901;8170889;8164919;;;;
8187770;8186591;8185309;8185773;8188321;8187188;8188770;8187741;8175705;8171049;8166152;;;;
8187676;8186738;8185452;8185661;8187703;8187383;8188738;8187811;8175860;8171123;8166454;;;;
8187642;8186885;8185607;8185475;8187556;8187356;8188829;8187990;8176135;8171088;8166509;;;;
8187592;8187000;8185542;8185615;8187353;8187416;8188769;8187978;8176121;8171213;8166458;;;;
8187617;8187219;8185578;8185908;8187263;8187323;8188603;8188001;8176177;8171363;8166610;;;;
8187785;8187334;8185711;8185976;8187311;8187254;8188733;8188117;8176176;8171386;8166859;;;;
8187844;8187342;8185660;8186003;8187519;8187455;8189021;8188126;8175793;8171425;8167031;;;;
8187922;8187099;8185831;8186005;8187843;8187328;8188978;8188024;8175669;8171613;8167026;;;;
8187997;8186799;8186006;8185840;8187927;8187262;8189026;8187902;8175834;8171530;8167025;;;;
8188037;8186888;8185664;8185854;8188133;8187543;8189028;8187827;8175820;8171286;8167082;;;;
8188134;8187095;8185596;8185488;8188008;8187563;8188661;8187802;8175827;8171370;8167062;;;;
8188300;8186896;8185688;8184901;8187865;8187769;8188116;8187761;8175753;8171751;8167032;;;;
8188496;8186883;8185840;8184340;8187957;8187793;8187827;8187582;8175666;8171995;8167206;;;;
8188515;8186961;8185971;8184082;8188098;8187730;8187690;8187610;8175440;8171900;8167333;;;;
8188284;8186873;8185897;8183772;8188210;8187917;8187698;8187660;8175282;8171905;8167285;;;;
8188154;8186746;8185687;8183284;8187960;8187920;8188024;8187807;8175461;8171822;8167268;;;;
8188069;8186868;8185729;8182592;8187777;8187948;8188137;8187805;8175314;8171634;8167409;;;;
8188278;8186902;8185848;8181912;8187911;8188035;8188273;8187705;8174880;8171568;8167483;;;;
8188278;8186714;8185991;8181550;8188172;8188170;8188253;8188004;8174817;8171702;8167388;;;;
8188247;8186691;8185924;8181310;8188320;8188611;8188524;8188336;8174527;8171938;8167174;;;;
8188160;8186858;8185922;8180897;8188172;8188827;8188928;8188112;8174341;8171941;8166920;;;;
8188286;8187046;8185869;8180810;8188045;8188794;8188876;8188219;8174415;8171928;8166716;;;;
8188096;8186997;8185675;8180840;8188262;8188742;8188863;8188353;8174558;8171821;8166551;;;;
8188202;8186910;8185754;8180903;8188507;8188719;8188844;8188559;8174648;8171701;8166742;;;;
8188400;8186921;8186072;8180915;8188271;8188603;8188940;8188694;8174575;8171614;8166832;;;;
8188440;8186814;8186119;8180865;8188039;8188411;8189073;8188748;8174573;8171454;8166723;;;;
8188391;8186787;8185756;8180991;8187884;8188267;8189126;8188822;8174921;8171418;8166674;;;;
8188440;8186723;8185561;8181236;8187749;8188108;8189121;8188814;8174890;8171333;8166589;;;;
8188452;8186718;8185531;8181475;8187688;8188188;8189149;8188873;8174710;8171283;8166604;;;;
8188381;8186748;8185714;8181829;8187476;8188409;8189411;8189053;8174617;8171431;8166610;;;;
8188452;8186493;8185852;8181806;8187356;8188640;8189466;8189102;8174817;8171538;8166711;;;;
8188434;8186483;8185841;8181821;8187554;8188764;8189323;8189303;8174756;8171516;8166758;;;;
8188246;8186598;8185922;8182038;8187641;8188860;8189240;8189205;8174360;8171709;8166823;;;;
8188241;8186609;8186062;8182386;8187619;8188857;8189351;8189041;8174560;8171743;8166669;;;;
8188090;8186585;8186263;8182567;8187494;8189021;8189380;8189124;8174992;8171803;8166446;;;;
8188011;8186359;8186211;8182463;8187526;8189091;8189368;8189141;8175094;8172126;8166556;;;;
8187984;8186255;8186112;8182505;8187719;8188960;8189217;8189042;8174921;8172301;8166690;;;;
8187760;8186292;8186137;8182507;8187915;8188952;8189148;8188954;8175001;8172156;8166636;;;;
8187756;8186477;8186172;8182346;8187804;8189071;8189331;8189054;8175258;8171913;8166483;;;;
8188089;8186438;8186019;8182304;8187796;8188869;8189258;8188957;8175208;8171776;8166411;;;;
8188191;8186328;8185931;8182424;8187831;8188796;8188631;8189038;8174953;8171658;8166721;;;;
8187934;8186442;8186036;8182688;8187741;8188802;8188304;8189172;8174950;8171565;8167134;;;;
8187745;8186414;8186112;8182920;8187618;8188726;8188420;8188832;8175863;8171662;8167005;;;;
8187602;8186401;8186368;8182928;8187442;8188822;8188338;8188422;8176423;8171766;8166830;;;;
8187560;8186485;8186289;8182883;8187382;8189161;8188327;8188354;8176277;8171880;8166950;;;;
8187603;8186621;8186322;8183124;8187706;8189332;8188353;8188564;8175998;8171886;8166923;;;;
8187760;8186460;8186242;8183200;8187793;8189258;8188454;8188491;8175599;8171853;8166870;;;;
8187934;8186337;8186121;8182904;8187511;8189307;8188366;8188307;8175616;8171606;8166965;;;;
8187992;8186317;8186242;8182797;8187636;8189343;8188542;8188405;8175895;8171431;8166837;;;;
8188049;8186494;8186272;8182861;8187802;8189263;8188600;8188328;8175919;8171384;8166893;;;;
8188217;8186624;8186345;8182759;8187797;8189036;8188218;8188384;8175773;8171418;8167022;;;;
8188216;8186580;8186353;8182792;8187877;8189033;8187998;8188526;8175668;8171250;8167100;;;;
8188199;8186323;8186351;8182847;8187832;8188910;8187875;8188514;8175749;8171037;8167110;;;;
8188283;8185858;8186397;8182670;8187896;8188839;8187706;8188450;8175693;8170943;8167210;;;;
8188170;8185370;8186608;8182384;8187985;8188764;8187710;8188364;8175619;8170963;8167190;;;;
8188231;8185292;8186488;8182338;8188095;8188715;8187747;8188375;8175583;8170901;8167364;;;;
8188479;8185517;8186360;8182334;8188339;8188728;8187744;8188432;8175843;8171011;8167549;;;;
8188468;8185509;8186095;8182354;8188271;8188643;8187826;8188434;8176283;8171089;8167454;;;;
8188325;8185386;8185955;8182644;8187868;8188492;8188295;8188510;8176252;8171128;8167522;;;;
8188271;8185415;8185870;8182906;8187665;8188400;8188775;8188500;8175854;8171102;8167552;;;;
8188317;8185570;8186027;8182978;8187888;8188316;8189211;8188528;8175721;8171050;8167647;;;;
8188359;8185705;8186096;8182876;8187903;8188884;8189513;8188663;8175418;8170955;8167816;;;;
8188347;8185829;8186012;8182746;8187816;8189582;8189484;8188780;8175350;8170949;8167867;;;;
8188253;8185778;8185907;8182444;8188080;8189812;8189570;8188912;8175518;8170877;8167807;;;;
8188113;8185717;8185669;8182044;8188044;8189986;8189470;8188812;8175777;8170958;8167754;;;;
8188121;8185665;8185479;8181931;8187785;8189836;8189456;8188748;8175895;8170933;8167657;;;;
8188245;8185568;8185452;8182277;8187328;8189717;8189411;8188763;8175984;8170847;8167716;;;;
8188435;8185398;8185640;8182584;8186672;8189798;8189366;8189077;8175871;8171151;8167712;;;;
8188410;8185585;8185834;8182686;8186338;8189761;8189332;8189438;8175649;8171324;8167720;;;;
8188519;8185657;8185842;8182777;8186102;8189642;8189337;8189434;8175782;8171429;8167753;;;;
8188403;8185547;8185897;8182885;8185624;8189534;8189410;8189453;8175869;8171247;8167788;;;;
8188312;8185516;8185986;8182697;8184902;8189503;8189465;8189593;8175744;8170000;8167885;;;;
8188465;8185584;8186035;8182702;8184005;8189438;8189569;8189681;8175652;8169090;8167781;;;;
8188783;8185678;8185994;8182752;8183475;8189702;8189451;8189583;8175273;8168662;8167570;;;;
8188842;8185860;8185913;8182801;8183490;8189787;8189362;8189363;8175048;8168487;8167529;;;;
8188884;8186007;8185776;8183107;8183415;8189868;8189347;8189444;8175020;8169283;8167636;;;;
8188947;8185727;8185576;8183140;8183257;8190049;8189462;8189935;8175291;8170997;8167759;;;;
8188850;8185633;8185596;8183102;8183183;8190131;8189466;8190578;8175374;8171408;8167857;;;;
8188797;8185622;8185562;8182973;8183059;8190208;8189408;8190710;8175561;8171294;8168184;;;;
8188814;8185570;8185581;8183149;8182943;8190348;8189477;8190828;8175611;8171370;8168314;;;;
8188769;8185589;8185503;8183230;8182783;8190411;8189929;8190843;8175631;8171457;8168043;;;;
8188766;8185590;8185683;8183139;8182809;8190430;8190542;8190797;8175388;8171664;8167817;;;;
8188690;8185481;8186166;8183111;8183061;8190404;8190490;8190767;8175443;8171442;8167876;;;;
8188772;8185315;8186131;8183168;8183316;8190111;8190490;8190802;8175756;8171144;8167588;;;;
8188997;8185395;8186043;8183480;8183754;8189693;8190320;8190443;8175902;8171155;8167339;;;;
8189152;8185569;8186184;8183837;8183862;8189732;8190138;8190225;8175700;8171075;8167433;;;;
8189246;8185666;8186435;8183893;8183797;8189593;8190061;8190320;8175199;8170889;8167426;;;;
8189366;8185785;8186477;8183952;8183708;8189402;8189955;8190804;8175079;8171079;8167461;;;;
8189486;8185567;8186277;8184122;8183835;8189438;8189803;8191037;8175037;8171116;8167288;;;;
8189495;8185642;8186252;8184191;8184170;8189500;8189492;8190850;8175040;8170863;8167056;;;;
8189404;8185871;8186090;8184226;8184372;8189524;8189258;8190741;8175348;8170902;8166889;;;;
8189350;8185736;8186058;8184271;8184309;8189517;8189267;8190929;8175800;8171044;8166768;;;;
8189362;8185635;8186064;8184104;8184221;8189458;8189528;8190973;8175951;8171072;8166763;;;;
8189500;8185660;8186231;8184288;8184381;8189601;8189544;8190929;8175803;8171036;8166803;;;;
8189714;8185784;8186380;8184522;8184331;8189571;8189442;8190972;8175568;8171011;8166795;;;;
8189551;8185590;8186214;8184524;8184293;8189620;8189440;8191212;8175609;8170973;8166798;;;;
8189475;8185492;8186004;8184500;8184240;8189609;8189622;8191382;8175698;8171197;8166793;;;;
8189247;8185722;8185972;8184595;8184299;8189579;8189529;8191272;8175598;8171341;8166814;;;;
8188964;8185757;8185959;8184580;8184561;8189834;8189267;8191048;8175514;8171296;8166833;;;;
8188894;8185815;8185732;8184876;8184890;8190003;8189214;8190980;8175734;8171047;8166877;;;;
8189049;8185723;8185698;8185172;8185162;8190190;8189301;8191098;8175907;8170706;8166987;;;;
8189206;8185700;8185662;8185250;8185391;8190413;8189369;8191185;8175548;8170791;8167011;;;;
8189305;8185884;8185967;8185398;8185690;8190427;8189250;8191257;8175467;8170904;8167023;;;;
8189264;8186017;8186171;8185146;8185741;8190164;8189275;8191250;8175722;8171061;8167005;;;;
8189337;8186058;8186093;8185038;8185694;8190146;8189326;8190960;8175602;8171222;8167060;;;;
8189275;8186031;8185937;8185191;8185985;8190153;8189170;8190728;8175471;8171356;8167100;;;;
8189212;8185953;8186060;8185484;8186083;8190151;8189094;8190894;8175291;8171311;8167187;;;;
8189335;8185886;8186161;8185615;8186234;8190067;8189083;8191040;8175363;8171507;8166994;;;;
8189535;8185983;8186299;8185527;8186304;8189935;8189112;8191005;8175477;8171386;8166519;;;;
8189444;8185999;8186381;8185548;8186271;8189985;8189235;8190928;8175436;8171196;8166253;;;;
8189494;8185935;8186476;8185659;8186429;8189889;8189221;8191149;8175674;8171142;8166336;;;;
8189413;8185812;8186530;8185838;8186562;8189781;8189229;8191160;8175705;8170991;8166395;;;;
8189417;8185695;8186302;8186063;8186658;8190018;8189500;8191417;8175466;8170868;8166479;;;;
8189464;8185894;8186056;8186296;8186662;8189958;8189461;8191483;8175301;8170655;8166196;;;;
8189467;8186001;8185742;8186132;8186411;8189838;8189624;8191527;8175194;8170417;8166067;;;;
8189441;8185800;8185769;8185898;8186236;8189874;8189507;8191526;8175367;8170542;8166162;;;;
8189458;8185580;8185789;8185622;8186366;8189888;8189518;8191572;8175542;8170887;8166115;;;;
8189389;8185748;8185485;8185477;8186510;8189839;8189514;8191637;8175590;8170964;8166312;;;;
8189087;8186005;8185201;8185675;8186598;8189756;8189175;8191790;8175557;8170568;8166479;;;;
8188979;8186107;8185312;8185649;8186694;8189564;8189193;8191925;8175346;8170492;8166418;;;;
8189086;8186083;8185228;8185732;8186670;8189854;8189384;8191939;8175078;8170550;8166337;;;;
8189125;8186190;8185065;8185704;8186832;8189759;8189328;8191751;8175007;8170606;8166432;;;;
8189287;8186222;8184961;8185563;8186943;8189519;8189078;8191866;8175342;8170743;8166591;;;;
8189343;8186154;8184982;8185604;8187067;8189406;8188904;8192148;8175502;8170653;8166644;;;;
8189194;8186124;8185049;8185756;8187131;8189237;8188905;8192087;8175441;8170642;8166634;;;;
8189059;8186175;8184980;8185845;8187029;8189117;8189032;8191848;8175398;8170698;8166426;;;;
8189004;8186004;8185244;8185824;8187131;8188939;8189193;8191823;8175157;8170565;8166453;;;;
8189194;8185949;8185204;8185586;8187291;8188627;8189264;8191629;8174880;8170460;8166580;;;;
8189483;8186008;8185032;8185616;8187197;8187969;8189359;8191642;8175002;8170542;8166510;;;;
8189102;8186031;8185124;8185701;8186955;8187593;8189372;8191637;8174993;8170534;8166337;;;;
8188963;8185955;8185163;8185811;8186780;8187785;8189445;8191582;8175128;8170558;8166277;;;;
8188972;8185859;8185097;8185806;8186885;8187845;8189267;8191421;8175175;8170753;8166334;;;;
8188831;8185907;8185007;8185637;8187019;8188154;8189236;8191274;8175478;8171015;8166406;;;;
8188663;8185932;8184898;8185624;8186964;8188833;8189302;8191267;8175687;8170920;8166636;;;;
8188715;8185960;8185079;8185709;8186898;8189281;8189270;8191577;8175842;8170713;8166812;;;;
8188793;8185961;8185433;8185953;8186957;8189307;8189446;8191564;8175833;8170424;8166822;;;;
8188983;8185780;8185418;8186036;8186950;8189042;8189605;8191446;8175696;8170189;8166733;;;;
8189100;8185606;8185659;8185725;8187152;8188630;8189628;8191433;8175538;8170387;8166809;;;;
8189159;8185546;8185922;8185882;8186960;8188610;8189599;8191730;8175562;8170544;8166852;;;;
8189343;8185728;8186174;8186346;8186637;8188784;8189113;8191663;8175563;8170549;8166857;;;;
8189593;8185721;8186291;8186333;8186743;8188799;8188944;8191460;8175460;8170640;8166634;;;;
8189479;8185787;8186146;8186272;8186732;8188765;8189141;8191483;8175410;8170490;8166599;;;;
8189273;8185930;8185883;8186578;8186895;8188667;8189322;8191688;8175351;8170383;8166638;;;;
8189269;8186146;8185952;8186624;8186855;8188692;8189393;8191719;8175375;8170344;8166575;;;;
8189270;8186221;8186255;8186453;8186683;8188716;8189466;8191571;8175359;8170407;8166538;;;;
8189092;8186226;8186467;8186537;8186916;8188629;8189412;8191671;8175454;8170349;8166485;;;;
8188934;8186127;8186397;8186528;8187011;8188472;8189234;8191810;8175685;8170290;8166383;;;;
8188774;8186198;8186117;8186483;8187223;8188532;8189197;8191569;8175548;8169911;8166192;;;;
8188487;8186340;8186068;8186262;8187579;8188656;8189115;8191106;8175305;8169791;8166083;;;;
8188314;8186385;8186064;8186129;8187603;8188743;8189121;8190373;8175333;8169841;8166214;;;;
8188195;8186358;8185731;8186179;8187330;8188620;8188957;8189896;8175219;8169822;8166172;;;;
8188202;8186351;8185632;8186333;8187247;8188573;8188849;8189527;8175229;8169951;8166059;;;;
8188452;8186313;8185888;8186488;8187347;8188680;8189036;8189227;8175176;8170130;8166231;;;;
8188508;8186367;8186073;8186422;8187468;8188737;8189120;8189125;8175150;8170051;8166296;;;;
8188377;8186439;8186028;8186222;8187534;8188765;8189074;8188716;8175152;8169734;8166355;;;;
8188264;8186355;8185868;8186129;8187596;8188786;8188922;8188401;8175115;8169539;8166235;;;;
8188245;8186156;8185903;8186300;8187645;8189270;8188912;8188301;8175333;8169530;8165992;;;;
8188138;8186162;8186107;8186447;8187428;8189394;8189144;8188127;8175420;8169734;8166064;;;;
8188109;8186254;8185944;8186522;8187627;8189236;8189299;8187969;8175438;8170146;8166107;;;;
8188272;8186210;8185865;8186480;8187990;8189250;8189319;8188355;8175576;8170526;8166183;;;;
8188366;8186154;8185874;8186402;8187913;8189292;8189376;8188831;8175586;8170618;8166152;;;;
8188286;8186070;8185597;8186560;8187845;8189441;8189046;8189262;8175438;8170432;8166197;;;;
8188055;8186190;8185677;8186687;8187821;8189680;8188761;8189453;8175412;8170551;8166275;;;;
8188189;8186170;8185698;8186785;8187910;8189855;8188729;8189439;8175274;8170298;8166380;;;;
8188342;8186169;8185547;8187146;8187916;8189863;8188836;8189273;8175507;8170266;8166597;;;;
8188321;8186099;8185430;8187205;8187865;8189731;8188920;8189146;8175438;8170262;8166603;;;;
8188184;8186212;8185556;8187010;8187906;8189518;8188999;8189279;8175276;8170317;8166519;;;;
8188074;8186360;8185806;8186995;8187985;8189353;8188904;8189672;8175188;8170315;8166471;;;;
8188085;8186410;8185812;8186974;8188207;8189495;8188987;8189762;8175041;8170271;8166491;;;;
8187969;8186209;8185537;8186942;8188388;8189646;8188969;8189791;8174928;8170256;8166567;;;;
8188073;8185874;8185292;8187089;8188306;8189506;8189063;8189761;8174795;8170156;8166480;;;;
8188204;8185930;8185407;8186955;8188363;8189380;8189175;8189684;8174640;8170087;8166476;;;;
8188076;8186288;8185619;8186950;8188369;8189266;8189259;8189847;8174480;8169863;8166473;;;;
8188064;8186880;8185621;8186929;8188413;8189349;8189309;8190165;8174327;8169635;8166419;;;;
8188249;8187074;8185638;8186938;8188579;8189401;8189393;8190383;8174506;8169676;8166284;;;;
8188368;8187073;8185591;8187123;8188486;8189390;8189548;8190487;8174652;8169848;8166554;;;;
8188277;8186729;8185665;8187108;8188172;8189264;8189649;8190754;8174814;8169997;8166681;;;;
8188328;8186442;8185517;8187139;8188196;8189529;8189726;8191313;8175042;8169928;8166850;;;;
8188523;8186616;8185453;8187466;8188336;8189633;8189925;8191431;8174911;8170016;8166958;;;;
8188507;8186511;8185572;8187523;8188268;8189456;8189904;8191294;8174860;8170234;8166823;;;;
8188416;8186140;8185599;8187633;8188444;8189430;8189725;8191261;8174989;8170126;8166711;;;;
8188446;8185838;8185461;8187657;8188508;8189568;8189506;8191310;8175311;8169720;8166625;;;;
8188375;8186029;8185708;8187738;8188521;8189500;8189663;8191307;8175235;8169563;8166655;;;;
8188282;8186263;8185971;8187842;8188438;8189555;8189724;8191264;8175321;8169590;8166770;;;;
8188185;8186412;8185819;8187822;8188259;8189729;8189511;8191215;8175539;8169408;8166692;;;;
8188029;8186447;8185658;8187731;8188202;8189781;8189488;8191305;8175484;8169414;8166569;;;;
8187822;8186304;8185656;8187703;8188170;8189771;8189506;8191561;8175618;8169550;8166575;;;;
8187868;8186249;8185748;8187677;8188215;8189549;8189444;8191881;8175619;8169588;8166560;;;;
8187947;8186424;8185833;8187583;8188458;8189457;8189395;8192047;8175485;8169572;8166376;;;;
8187924;8186480;8185809;8187394;8188699;8189303;8189443;8192093;8175373;8169379;8166470;;;;
8187621;8186277;8185880;8187410;8188915;8189322;8189543;8192240;8175192;8169037;8166428;;;;
8187468;8186108;8185976;8187405;8188999;8189370;8189692;8192264;8175037;8169109;8166237;;;;
8187549;8185807;8185708;8187596;8188941;8189508;8189711;8192317;8174986;8169205;8166125;;;;
8187617;8185621;8185606;8187489;8189014;8189556;8189775;8192360;8174940;8169150;8166146;;;;
8187548;8185794;8185503;8187487;8189089;8189618;8189637;8192458;8175079;8169187;8166198;;;;
8187576;8186367;8185317;8187600;8189334;8189666;8189341;8192562;8175005;8169324;8166119;;;;
8187711;8186501;8185106;8187611;8189296;8189468;8189333;8192772;8174833;8169444;8166139;;;;
8187651;8186403;8185104;8187733;8188897;8189424;8189416;8192811;8174947;8169341;8166289;;;;
8187678;8186517;8185221;8187472;8188702;8189383;8189490;8192964;8174874;8169139;8166269;;;;
8187703;8186334;8185243;8187260;8189070;8189606;8189291;8193282;8174727;8169262;8166097;;;;
8187747;8186443;8185295;8187305;8189500;8189736;8188968;8193418;8174790;8169562;8166025;;;;
8187630;8186688;8185333;8187604;8189470;8189653;8189087;8193300;8174487;8169490;8166012;;;;
8187680;8186654;8185629;8187945;8189653;8189653;8189184;8193267;8174324;8169219;8166117;;;;
8187633;8186452;8185749;8187940;8190075;8189362;8188920;8193334;8174677;8169119;8166163;;;;
8187674;8186224;8185569;8188023;8189988;8189288;8188760;8193335;8174684;8169116;8166156;;;;
8187672;8185779;8185419;8188090;8189681;8189198;8188729;8193210;8174599;8169289;8166066;;;;
8187622;8185706;8185330;8187924;8189183;8189161;8188742;8193391;8174816;8169548;8165828;;;;
8187489;8186296;8185090;8187674;8189066;8189236;8188996;8193374;8174756;8169718;8165918;;;;
8187412;8186486;8185043;8187719;8188704;8189407;8189002;8193364;8174809;8169658;8166033;;;;
8187385;8186334;8184804;8187820;8188486;8189670;8189025;8193419;8174962;8169595;8166123;;;;
8187175;8186311;8184598;8187788;8188604;8189597;8189070;8193277;8174772;8169465;8166094;;;;
8187172;8186447;8184685;8187801;8188631;8189312;8188939;8193182;8174552;8169281;8166077;;;;
8187218;8186435;8184778;8187715;8188617;8189180;8188899;8193177;8174474;8169301;8166004;;;;
8187170;8186543;8184692;8187564;8188627;8189301;8189000;8193405;8174594;8169245;8166005;;;;
8187279;8186518;8184817;8187532;8188521;8189330;8189182;8193592;8174936;8169062;8165951;;;;
8187070;8186208;8184770;8187751;8188592;8189278;8189214;8193596;8175094;8169002;8165945;;;;
8186880;8186022;8184780;8187980;8188936;8189576;8188993;8193400;8175093;8169069;8165921;;;;
8186727;8186099;8184766;8187914;8188981;8189672;8188999;8193373;8175057;8169191;8165739;;;;
8186619;8186373;8184816;8187653;8188941;8189452;8189180;8193354;8174901;8169201;8165828;;;;
8186522;8186535;8184990;8187722;8188958;8189543;8189170;8193225;8174505;8169273;8165812;;;;
8186661;8186328;8184976;8187734;8189028;8189627;8189184;8193222;8174335;8169125;8165820;;;;
8186593;8186328;8184904;8187745;8189113;8189902;8189094;8193314;8174426;8169019;8165985;;;;
8186496;8186288;8184849;8187646;8189244;8190062;8188856;8193309;8174481;8169185;8165988;;;;
8186551;8186260;8184717;8187303;8188992;8189936;8188887;8193019;8174605;8169320;8166002;;;;
8186695;8186135;8184531;8187154;8188853;8189722;8188984;8192859;8174598;8169427;8166073;;;;
8186620;8186281;8184384;8187320;8189027;8189463;8188966;8192981;8174492;8169827;8166079;;;;
;;;;;;;;;;;;;;
;;;;;;;;;;;;;;
;;;;;;;;;;;;;;
;;;;;;;;;;;;;;
;;;;;;;;;;;;;;
;;;;;;;;;;;;;;
;;;;;;;;;;;;;;
;;;;;;;;;;;;;;
;;;;;;;;;;;;;;
;;;;;;;;;;;;;;
;;;;;;;;;;;;;;
;;;;;;;;;;;;;;
;;;;;;;;;;;;;;
;;;;;;;;;;;;;;
;;;;;;;;;;;;;;
;;;;;;;;;;;;;;
;;;;;;;;;;;;;;
;;;;;;;;;;;;;;
;;;;;;;;;;;;;;
;;;;;;;;;;;;;;
;;;;;;;;;;;;;;
;;;;;;;;;;;;;;
;;;;;;;;;;;;;;
;;;;;;;;;;;;;;
;;;;;;;;;;;;;;
;;;;;;;;;;;;;;
;;;;;;;;;;;;;;
;;;;;;;;;;;;;;
;;;;;;;;;;;;;;
;;;;;;;;;;;;;;
;;;;;;;;;;;;;;
;;;;;;;;;;;;;;
;;;;;;;;;;;;;;
;;;;;;;;;;;;;;
;;;;;;;;;;;;;;
;;;;;;;;;;;;;;
;;;;;;;;;;;;;;
;;;;;;;;;;;;;;
;;;;;;;;;;;;;;
;;;;;;;;;;;;;;
;;;;;;;;;;;;;;
;;;;;;;;;;;;;;
;;;;;;;;;;;;;;
;;;;;;;;;;;;;;
;;;;;;;;;;;;;;
;;;;;;;;;;;;;;
;;;;;;;;;;;;;;
;;;;;;;;;;;;;;
;;;;;;;;;;;;;;
;;;;;;;;;;;;;;
;;;;;;;;;;;;;;
;;;;;;;;;;;;;;
;;;;;;;;;;;;;;
;;;;;;;;;;;;;;
;;;;;;;;;;;;;;
;;;;;;;;;;;;;;
;;;;;;;;;;;;;;
;;;;;;;;;;;;;;
;;;;;;;;;;;;;;
;;;;;;;;;;;;;;
;;;;;;;;;;;;;;
;;;;;;;;;;;;;;
;;;;;;;;;;;;;;
;;;;;;;;;;;;;;
;;;;;;;;;;;;;;
;;;;;;;;;;;;;;
;;;;;;;;;;;;;;
;;;;;;;;;;;;;;
;;;;;;;;;;;;;;
;;;;;;;;;;;;;;
;;;;;;;;;;;;;;
;;;;;;;;;;;;;;
;;;;;;;;;;;;;;
;;;;;;;;;;;;;;
;;;;;;;;;;;;;;
;;;;;;;;;;;;;;
;;;;;;;;;;;;;;
;;;;;;;;;;;;;;
;;;;;;;;;;;;;;
;;;;;;;;;;;;;;
;;;;;;;;;;;;;;
;;;;;;;;;;;;;;
;;;;;;;;;;;;;;
;;;;;;;;;;;;;;
;;;;;;;;;;;;;;
;;;;;;;;;;;;;;
;;;;;;;;;;;;;;
;;;;;;;;;;;;;;
;;;;;;;;;;;;;;
;;;;;;;;;;;;;;
;;;;;;;;;;;;;;
;;;;;;;;;;;;;;
;;;;;;;;;;;;;;
;;;;;;;;;;;;;;
;;;;;;;;;;;;;;
;;;;;;;;;;;;;;
;;;;;;;;;;;;;;
;;;;;;;;;;;;;;
;;;;;;;;;;;;;;
;;;;;;;;;;;;;;
;;;;;;;;;;;;;;
;;;;;;;;;;;;;;
;;;;;;;;;;;;;;
;;;;;;;;;;;;;;
;;;;;;;;;;;;;;
;;;;;;;;;;;;;;
;;;;;;;;;;;;;;
;;;;;;;;;;;;;;
;;;;;;;;;;;;;;
;;;;;;;;;;;;;;
;;;;;;;;;;;;;;
;;;;;;;;;;;;;;
;;;;;;;;;;;;;;
;;;;;;;;;;;;;;
;;;;;;;;;;;;;;
;;;;;;;;;;;;;;
;;;;;;;;;;;;;;
;;;;;;;;;;;;;;
;;;;;;;;;;;;;;
;;;;;;;;;;;;;;
;;;;;;;;;;;;;;
;;;;;;;;;;;;;;
;;;;;;;;;;;;;;
;;;;;;;;;;;;;;
;;;;;;;;;;;;;;
;;;;;;;;;;;;;;
;;;;;;;;;;;;;;
;;;;;;;;;;;;;;
;;;;;;;;;;;;;;
;;;;;;;;;;;;;;
;;;;;;;;;;;;;;
;;;;;;;;;;;;;;
;;;;;;;;;;;;;;
;;;;;;;;;;;;;;
;;;;;;;;;;;;;;
;;;;;;;;;;;;;;
;;;;;;;;;;;;;;
;;;;;;;;;;;;;;
;;;;;;;;;;;;;;
;;;;;;;;;;;;;;
;;;;;;;;;;;;;;
;;;;;;;;;;;;;;
;;;;;;;;;;;;;;
;;;;;;;;;;;;;;
;;;;;;;;;;;;;;
;;;;;;;;;;;;;;
;;;;;;;;;;;;;;
;;;;;;;;;;;;;;
;;;;;;;;;;;;;;
;;;;;;;;;;;;;;
;;;;;;;;;;;;;;
;;;;;;;;;;;;;;
;;;;;;;;;;;;;;
;;;;;;;;;;;;;;
;;;;;;;;;;;;;;
;;;;;;;;;;;;;;
;;;;;;;;;;;;;;
;;;;;;;;;;;;;;
;;;;;;;;;;;;;;
;;;;;;;;;;;;;;
;;;;;;;;;;;;;;
;;;;;;;;;;;;;;
;;;;;;;;;;;;;;
;;;;;;;;;;;;;;
;;;;;;;;;;;;;;
;;;;;;;;;;;;;;
;;;;;;;;;;;;;;
;;;;;;;;;;;;;;
;;;;;;;;;;;;;;
;;;;;;;;;;;;;;
;;;;;;;;;;;;;;
;;;;;;;;;;;;;;
;;;;;;;;;;;;;;
;;;;;;;;;;;;;;
;;;;;;;;;;;;;;
;;;;;;;;;;;;;;
;;;;;;;;;;;;;;
;;;;;;;;;;;;;;
;;;;;;;;;;;;;;
;;;;;;;;;;;;;;
;;;;;;;;;;;;;;
;;;;;;;;;;;;;;
;;;;;;;;;;;;;;
;;;;;;;;;;;;;;
;;;;;;;;;;;;;;
;;;;;;;;;;;;;;
;;;;;;;;;;;;;;
;;;;;;;;;;;;;;
;;;;;;;;;;;;;;
;;;;;;;;;;;;;;
;;;;;;;;;;;;;;
;;;;;;;;;;;;;;
;;;;;;;;;;;;;;
;;;;;;;;;;;;;;
;;;;;;;;;;;;;;
;;;;;;;;;;;;;;
;;;;;;;;;;;;;;
;;;;;;;;;;;;;;
;;;;;;;;;;;;;;
;;;;;;;;;;;;;;
;;;;;;;;;;;;;;
;;;;;;;;;;;;;;
;;;;;;;;;;;;;;
;;;;;;;;;;;;;;
;;;;;;;;;;;;;;
;;;;;;;;;;;;;;
;;;;;;;;;;;;;;
;;;;;;;;;;;;;;
;;;;;;;;;;;;;;
;;;;;;;;;;;;;;
;;;;;;;;;;;;;;
;;;;;;;;;;;;;;
;;;;;;;;;;;;;;
;;;;;;;;;;;;;;
;;;;;;;;;;;;;;
;;;;;;;;;;;;;;
;;;;;;;;;;;;;;
;;;;;;;;;;;;;;
;;;;;;;;;;;;;;
;;;;;;;;;;;;;;
;;;;;;;;;;;;;;
;;;;;;;;;;;;;;
;;;;;;;;;;;;;;
;;;;;;;;;;;;;;
;;;;;;;;;;;;;;
;;;;;;;;;;;;;;
;;;;;;;;;;;;;;
;;;;;;;;;;;;;;
;;;;;;;;;;;;;;
;;;;;;;;;;;;;;
;;;;;;;;;;;;;;
;;;;;;;;;;;;;;
;;;;;;;;;;;;;;
;;;;;;;;;;;;;;
;;;;;;;;;;;;;;
;;;;;;;;;;;;;;
;;;;;;;;;;;;;;
;;;;;;;;;;;;;;
