;;;;;;;;;
8294688,00;0;;;;;;;;
8294669,00;0;;;;;;;;
8294682,00;0;;;;;;;;
8294657,00;0;;;;;;;;
8294668,00;0;;;;;;;;
8294635,00;0;;;;;;;;
8294637,00;0;;;;;;;;
8294633,00;0;;;;;;;;
8294634,00;0;;;;;;;;
8294683,00;0;;;;;;;;
8294665,00;0;;;;;;;;
8294654,00;0;;;;;;;;
8294644,00;0;;;;;;;;
8294728,00;0;;;;;;;;
8294715,00;0;;;;;;;;
8294724,00;0;;;;;;;;
8294706,00;0;;;;;;;;
8294614,00;0;;;;;;;;
8294621,00;0;;;;;;;;
8294621,00;0;;;;;;;;
8294622,00;0;;;;;;;;
8294702,00;0;;;;;;;;
8294686,00;0;;;;;;;;
8294675,00;0;;;;;;;;
8294708,00;0;;;;;;;;
8294667,00;0;;;;;;;;
8294672,00;0;;;;;;;;
8294693,00;0;;;;;;;;
8294691,00;0;;;;;;;;
8294678,00;0;;;;;;;;
8294671,00;0;;;;;;;;
8294661,00;0;;;;;;;;
8294623,00;0;;;;;;;;
8294621,00;0;;;;;;;;
8294600,00;0;;;;;;;;
8294632,00;0;;;;;;;;
8294730,00;0;;;;;;;;
8294661,00;0;;;;;;;;
8294625,00;0;;;;;;;;
8294665,00;0;;;;;;;;
8294649,00;0;;;;;;;;
8294641,00;0;;;;;;;;
8294720,00;0;;;;;;;;
8294657,00;0;;;;;;;;
8294619,00;0;;;;;;;;
8294656,00;0;;;;;;;;
8294659,00;0;;;;;;;;
8294627,00;0;;;;;;;;
8294598,00;0;;;;;;;;
8294641,00;0;;;;;;;;
8294614,00;0;;;;;;;;
8294579,00;0;;;;;;;;
8294620,00;0;;;;;;;;
8294577,00;0;;;;;;;;
8294576,00;0;;;;;;;;
8294555,00;0;;;;;;;;
8294542,00;0;;;;;;;;
8294538,00;0;;;;;;;;
8294585,00;0;;;;;;;;
8294630,00;0;;;;;;;;
8294658,00;0;;;;;;;;
8294668,00;0;;;;;;;;
8294671,00;0;;;;;;;;
8294605,00;0;;;;;;;;
8294625,00;0;;;;;;;;
8201677,00;20;;;;;;;;
8201666,00;20;;;;;;;;
8201663,00;20;;;;;;;;
8201691,00;20;;;;;;;;
8201719,00;20;;;;;;;;
8201710,00;20;;;;;;;;
8201713,00;20;;;;;;;;
8201797,00;20;;;;;;;;
8201816,00;20;;;;;;;;
8201770,00;20;;;;;;;;
8201779,00;20;;;;;;;;
8201811,00;20;;;;;;;;
8201819,00;20;;;;;;;;
8201833,00;20;;;;;;;;
8201856,00;20;;;;;;;;
8201859,00;20;;;;;;;;
8201875,00;20;;;;;;;;
8201859,00;20;;;;;;;;
8201804,00;20;;;;;;;;
8201680,00;20;;;;;;;;
8201590,00;20;;;;;;;;
8201552,00;20;;;;;;;;
8201559,00;20;;;;;;;;
8201532,00;20;;;;;;;;
8201544,00;20;;;;;;;;
8201549,00;20;;;;;;;;
8201518,00;20;;;;;;;;
8201424,00;20;;;;;;;;
8201322,00;20;;;;;;;;
8201248,00;20;;;;;;;;
8201186,00;20;;;;;;;;
8201111,00;20;;;;;;;;
8201112,00;20;;;;;;;;
8201136,00;20;;;;;;;;
8201180,00;20;;;;;;;;
8201241,00;20;;;;;;;;
8201188,00;20;;;;;;;;
8201127,00;20;;;;;;;;
8201181,00;20;;;;;;;;
8201296,00;20;;;;;;;;
8201335,00;20;;;;;;;;
8201349,00;20;;;;;;;;
8201323,00;20;;;;;;;;
8201345,00;20;;;;;;;;
8201341,00;20;;;;;;;;
8201391,00;20;;;;;;;;
8201413,00;20;;;;;;;;
8201350,00;20;;;;;;;;
8201356,00;20;;;;;;;;
8201380,00;20;;;;;;;;
8201366,00;20;;;;;;;;
8201295,00;20;;;;;;;;
8201306,00;20;;;;;;;;
8201331,00;20;;;;;;;;
8201376,00;20;;;;;;;;
8201411,00;20;;;;;;;;
8201364,00;20;;;;;;;;
8201390,00;20;;;;;;;;
8201401,00;20;;;;;;;;
8201373,00;20;;;;;;;;
8201365,00;20;;;;;;;;
8201348,00;20;;;;;;;;
8201383,00;20;;;;;;;;
8201393,00;20;;;;;;;;
8201406,00;20;;;;;;;;
8201415,00;20;;;;;;;;
8201434,00;20;;;;;;;;
8201398,00;20;;;;;;;;
8201376,00;20;;;;;;;;
8201341,00;20;;;;;;;;
8201396,00;20;;;;;;;;
8201391,00;20;;;;;;;;
8201396,00;20;;;;;;;;
8201438,00;20;;;;;;;;
8201410,00;20;;;;;;;;
8201400,00;20;;;;;;;;
8201407,00;20;;;;;;;;
8201450,00;20;;;;;;;;
8201525,00;20;;;;;;;;
8201523,00;20;;;;;;;;
8201525,00;20;;;;;;;;
8201543,00;20;;;;;;;;
8201564,00;20;;;;;;;;
8201534,00;20;;;;;;;;
8201476,00;20;;;;;;;;
8201456,00;20;;;;;;;;
8201473,00;20;;;;;;;;
8201480,00;20;;;;;;;;
8201507,00;20;;;;;;;;
8201537,00;20;;;;;;;;
8201530,00;20;;;;;;;;
8201520,00;20;;;;;;;;
8201539,00;20;;;;;;;;
8201516,00;20;;;;;;;;
8201552,00;20;;;;;;;;
8201513,00;20;;;;;;;;
8201526,00;20;;;;;;;;
8201511,00;20;;;;;;;;
8201552,00;20;;;;;;;;
8201547,00;20;;;;;;;;
8201513,00;20;;;;;;;;
8201562,00;20;;;;;;;;
8201564,00;20;;;;;;;;
8201568,00;20;;;;;;;;
8201580,00;20;;;;;;;;
8201535,00;20;;;;;;;;
8201541,00;20;;;;;;;;
8201579,00;20;;;;;;;;
8201547,00;20;;;;;;;;
8201545,00;20;;;;;;;;
8201547,00;20;;;;;;;;
8201568,00;20;;;;;;;;
8201586,00;20;;;;;;;;
8201544,00;20;;;;;;;;
8201512,00;20;;;;;;;;
8201532,00;20;;;;;;;;
8201505,00;20;;;;;;;;
8201515,00;20;;;;;;;;
8201572,00;20;;;;;;;;
8201508,00;20;;;;;;;;
8201521,00;20;;;;;;;;
8201567,00;20;;;;;;;;
8201554,00;20;;;;;;;;
8201537,00;20;;;;;;;;
8201570,00;20;;;;;;;;
8201565,00;20;;;;;;;;
8201518,00;20;;;;;;;;
8201472,00;20;;;;;;;;
8201527,00;20;;;;;;;;
8201559,00;20;;;;;;;;
8201550,00;20;;;;;;;;
8201535,00;20;;;;;;;;
8201545,00;20;;;;;;;;
8201525,00;20;;;;;;;;
8201521,00;20;;;;;;;;
8201511,00;20;;;;;;;;
8118250,00;40;;;;;;;;
8118252,00;40;;;;;;;;
8118281,00;40;;;;;;;;
8118267,00;40;;;;;;;;
8118293,00;40;;;;;;;;
8118293,00;40;;;;;;;;
8118301,00;40;;;;;;;;
8118252,00;40;;;;;;;;
8118242,00;40;;;;;;;;
8118270,00;40;;;;;;;;
8118332,00;40;;;;;;;;
8118285,00;40;;;;;;;;
8118287,00;40;;;;;;;;
8118310,00;40;;;;;;;;
8118290,00;40;;;;;;;;
8118296,00;40;;;;;;;;
8118338,00;40;;;;;;;;
8118358,00;40;;;;;;;;
8118425,00;40;;;;;;;;
8118360,00;40;;;;;;;;
8118281,00;40;;;;;;;;
8118353,00;40;;;;;;;;
8118309,00;40;;;;;;;;
8118283,00;40;;;;;;;;
8118351,00;40;;;;;;;;
8118406,00;40;;;;;;;;
8118462,00;40;;;;;;;;
8118440,00;40;;;;;;;;
8118416,00;40;;;;;;;;
8118438,00;40;;;;;;;;
8118439,00;40;;;;;;;;
8118433,00;40;;;;;;;;
8118408,00;40;;;;;;;;
8118392,00;40;;;;;;;;
8118401,00;40;;;;;;;;
8118416,00;40;;;;;;;;
8118403,00;40;;;;;;;;
8118372,00;40;;;;;;;;
8118398,00;40;;;;;;;;
8118469,00;40;;;;;;;;
8118492,00;40;;;;;;;;
8118510,00;40;;;;;;;;
8118515,00;40;;;;;;;;
8118513,00;40;;;;;;;;
8118480,00;40;;;;;;;;
8118466,00;40;;;;;;;;
8118509,00;40;;;;;;;;
8118504,00;40;;;;;;;;
8118519,00;40;;;;;;;;
8118516,00;40;;;;;;;;
8118501,00;40;;;;;;;;
8118556,00;40;;;;;;;;
8118586,00;40;;;;;;;;
8118558,00;40;;;;;;;;
8118522,00;40;;;;;;;;
8118486,00;40;;;;;;;;
8118467,00;40;;;;;;;;
8118453,00;40;;;;;;;;
8118514,00;40;;;;;;;;
8118509,00;40;;;;;;;;
8118549,00;40;;;;;;;;
8118566,00;40;;;;;;;;
8118461,00;40;;;;;;;;
8118491,00;40;;;;;;;;
8118512,00;40;;;;;;;;
8118462,00;40;;;;;;;;
8118481,00;40;;;;;;;;
8118528,00;40;;;;;;;;
8118507,00;40;;;;;;;;
8118578,00;40;;;;;;;;
8118578,00;40;;;;;;;;
8118540,00;40;;;;;;;;
8118556,00;40;;;;;;;;
8118602,00;40;;;;;;;;
8118602,00;40;;;;;;;;
8118598,00;40;;;;;;;;
8118588,00;40;;;;;;;;
8118580,00;40;;;;;;;;
8118543,00;40;;;;;;;;
8118583,00;40;;;;;;;;
8118647,00;40;;;;;;;;
8118658,00;40;;;;;;;;
8118612,00;40;;;;;;;;
8118540,00;40;;;;;;;;
8118502,00;40;;;;;;;;
8118521,00;40;;;;;;;;
8118539,00;40;;;;;;;;
8118640,00;40;;;;;;;;
8118582,00;40;;;;;;;;
8118553,00;40;;;;;;;;
8118577,00;40;;;;;;;;
8118599,00;40;;;;;;;;
8118584,00;40;;;;;;;;
8118557,00;40;;;;;;;;
8118603,00;40;;;;;;;;
8118657,00;40;;;;;;;;
8118649,00;40;;;;;;;;
8118616,00;40;;;;;;;;
8118573,00;40;;;;;;;;
8118568,00;40;;;;;;;;
8118599,00;40;;;;;;;;
8118582,00;40;;;;;;;;
8118604,00;40;;;;;;;;
8118553,00;40;;;;;;;;
8118560,00;40;;;;;;;;
8118530,00;40;;;;;;;;
8118488,00;40;;;;;;;;
8118526,00;40;;;;;;;;
8118475,00;40;;;;;;;;
8118518,00;40;;;;;;;;
8118559,00;40;;;;;;;;
8118551,00;40;;;;;;;;
8118479,00;40;;;;;;;;
8118475,00;40;;;;;;;;
8118476,00;40;;;;;;;;
8118445,00;40;;;;;;;;
8118448,00;40;;;;;;;;
8118501,00;40;;;;;;;;
8118507,00;40;;;;;;;;
8118482,00;40;;;;;;;;
8118503,00;40;;;;;;;;
8118542,00;40;;;;;;;;
8118499,00;40;;;;;;;;
8118492,00;40;;;;;;;;
8118487,00;40;;;;;;;;
8118536,00;40;;;;;;;;
8118491,00;40;;;;;;;;
8118496,00;40;;;;;;;;
8118501,00;40;;;;;;;;
8028981,00;60;;;;;;;;
8028948,00;60;;;;;;;;
8028912,00;60;;;;;;;;
8028922,00;60;;;;;;;;
8028945,00;60;;;;;;;;
8028941,00;60;;;;;;;;
8028942,00;60;;;;;;;;
8028946,00;60;;;;;;;;
8028973,00;60;;;;;;;;
8029035,00;60;;;;;;;;
8029066,00;60;;;;;;;;
8029075,00;60;;;;;;;;
8029021,00;60;;;;;;;;
8029025,00;60;;;;;;;;
8029121,00;60;;;;;;;;
8029135,00;60;;;;;;;;
8029080,00;60;;;;;;;;
8029051,00;60;;;;;;;;
8029100,00;60;;;;;;;;
8029158,00;60;;;;;;;;
8029188,00;60;;;;;;;;
8029140,00;60;;;;;;;;
8029075,00;60;;;;;;;;
8029106,00;60;;;;;;;;
8029182,00;60;;;;;;;;
8029208,00;60;;;;;;;;
8029172,00;60;;;;;;;;
8029149,00;60;;;;;;;;
8029181,00;60;;;;;;;;
8029210,00;60;;;;;;;;
8029170,00;60;;;;;;;;
8029198,00;60;;;;;;;;
8029217,00;60;;;;;;;;
8029180,00;60;;;;;;;;
8029201,00;60;;;;;;;;
8029213,00;60;;;;;;;;
8029240,00;60;;;;;;;;
8029273,00;60;;;;;;;;
8029314,00;60;;;;;;;;
8029315,00;60;;;;;;;;
8029304,00;60;;;;;;;;
8029344,00;60;;;;;;;;
8029344,00;60;;;;;;;;
8029333,00;60;;;;;;;;
8029327,00;60;;;;;;;;
8029366,00;60;;;;;;;;
8029382,00;60;;;;;;;;
8029397,00;60;;;;;;;;
8029362,00;60;;;;;;;;
8029316,00;60;;;;;;;;
8029400,00;60;;;;;;;;
8029416,00;60;;;;;;;;
8029418,00;60;;;;;;;;
8029440,00;60;;;;;;;;
8029455,00;60;;;;;;;;
8029432,00;60;;;;;;;;
8029452,00;60;;;;;;;;
8029471,00;60;;;;;;;;
8029523,00;60;;;;;;;;
8029441,00;60;;;;;;;;
8029424,00;60;;;;;;;;
8029482,00;60;;;;;;;;
8029509,00;60;;;;;;;;
8029497,00;60;;;;;;;;
8029527,00;60;;;;;;;;
8029564,00;60;;;;;;;;
8029567,00;60;;;;;;;;
8029574,00;60;;;;;;;;
8029546,00;60;;;;;;;;
8029474,00;60;;;;;;;;
8029465,00;60;;;;;;;;
8029493,00;60;;;;;;;;
8029493,00;60;;;;;;;;
8029474,00;60;;;;;;;;
8029518,00;60;;;;;;;;
8029519,00;60;;;;;;;;
8029520,00;60;;;;;;;;
8029548,00;60;;;;;;;;
8029576,00;60;;;;;;;;
8029620,00;60;;;;;;;;
8029630,00;60;;;;;;;;
8029627,00;60;;;;;;;;
8029687,00;60;;;;;;;;
8029636,00;60;;;;;;;;
8029588,00;60;;;;;;;;
8029635,00;60;;;;;;;;
8029660,00;60;;;;;;;;
8029664,00;60;;;;;;;;
8029657,00;60;;;;;;;;
8029673,00;60;;;;;;;;
8029660,00;60;;;;;;;;
8029672,00;60;;;;;;;;
8029695,00;60;;;;;;;;
8029711,00;60;;;;;;;;
8029738,00;60;;;;;;;;
8029696,00;60;;;;;;;;
8029662,00;60;;;;;;;;
8029663,00;60;;;;;;;;
8029660,00;60;;;;;;;;
8029698,00;60;;;;;;;;
8029729,00;60;;;;;;;;
8029716,00;60;;;;;;;;
8029756,00;60;;;;;;;;
8029783,00;60;;;;;;;;
8029769,00;60;;;;;;;;
8029730,00;60;;;;;;;;
8029748,00;60;;;;;;;;
8029716,00;60;;;;;;;;
8029701,00;60;;;;;;;;
8029782,00;60;;;;;;;;
8029832,00;60;;;;;;;;
8029875,00;60;;;;;;;;
8029810,00;60;;;;;;;;
8029827,00;60;;;;;;;;
8029848,00;60;;;;;;;;
8029888,00;60;;;;;;;;
8029870,00;60;;;;;;;;
8029855,00;60;;;;;;;;
8029888,00;60;;;;;;;;
8029944,00;60;;;;;;;;
8029872,00;60;;;;;;;;
8029865,00;60;;;;;;;;
8029927,00;60;;;;;;;;
8029959,00;60;;;;;;;;
8029928,00;60;;;;;;;;
8029929,00;60;;;;;;;;
8029937,00;60;;;;;;;;
8029930,00;60;;;;;;;;
8029921,00;60;;;;;;;;
8029965,00;60;;;;;;;;
8029948,00;60;;;;;;;;
8029965,00;60;;;;;;;;
8029943,00;60;;;;;;;;
8029956,00;60;;;;;;;;
8029971,00;60;;;;;;;;
8030004,00;60;;;;;;;;
8029982,00;60;;;;;;;;
8029994,00;60;;;;;;;;
8029996,00;60;;;;;;;;
8029970,00;60;;;;;;;;
8030013,00;60;;;;;;;;
8030036,00;60;;;;;;;;
8030063,00;60;;;;;;;;
8030105,00;60;;;;;;;;
8030042,00;60;;;;;;;;
8030053,00;60;;;;;;;;
8030071,00;60;;;;;;;;
8030112,00;60;;;;;;;;
8030045,00;60;;;;;;;;
8030031,00;60;;;;;;;;
8030062,00;60;;;;;;;;
8030088,00;60;;;;;;;;
8030118,00;60;;;;;;;;
7941674,00;80;;;;;;;;
7941704,00;80;;;;;;;;
7941718,00;80;;;;;;;;
7941767,00;80;;;;;;;;
7941755,00;80;;;;;;;;
7941800,00;80;;;;;;;;
7941867,00;80;;;;;;;;
7941813,00;80;;;;;;;;
7941771,00;80;;;;;;;;
7941734,00;80;;;;;;;;
7941717,00;80;;;;;;;;
7941732,00;80;;;;;;;;
7941746,00;80;;;;;;;;
7941786,00;80;;;;;;;;
7941751,00;80;;;;;;;;
7941732,00;80;;;;;;;;
7941766,00;80;;;;;;;;
7941817,00;80;;;;;;;;
7941811,00;80;;;;;;;;
7941807,00;80;;;;;;;;
7941834,00;80;;;;;;;;
7941837,00;80;;;;;;;;
7941816,00;80;;;;;;;;
7941782,00;80;;;;;;;;
7941663,00;80;;;;;;;;
7941587,00;80;;;;;;;;
7941517,00;80;;;;;;;;
7941487,00;80;;;;;;;;
7941482,00;80;;;;;;;;
7941469,00;80;;;;;;;;
7941538,00;80;;;;;;;;
7941507,00;80;;;;;;;;
7941470,00;80;;;;;;;;
7941445,00;80;;;;;;;;
7941437,00;80;;;;;;;;
7941466,00;80;;;;;;;;
7941528,00;80;;;;;;;;
7941557,00;80;;;;;;;;
7941511,00;80;;;;;;;;
7941443,00;80;;;;;;;;
7941315,00;80;;;;;;;;
7941273,00;80;;;;;;;;
7941255,00;80;;;;;;;;
7941206,00;80;;;;;;;;
7941064,00;80;;;;;;;;
7940912,00;80;;;;;;;;
7940762,00;80;;;;;;;;
7940618,00;80;;;;;;;;
7940557,00;80;;;;;;;;
7940510,00;80;;;;;;;;
7940460,00;80;;;;;;;;
7940428,00;80;;;;;;;;
7940397,00;80;;;;;;;;
7940402,00;80;;;;;;;;
7940466,00;80;;;;;;;;
7940490,00;80;;;;;;;;
7940461,00;80;;;;;;;;
7940489,00;80;;;;;;;;
7940424,00;80;;;;;;;;
7940449,00;80;;;;;;;;
7940528,00;80;;;;;;;;
7940524,00;80;;;;;;;;
7940411,00;80;;;;;;;;
7940318,00;80;;;;;;;;
7940194,00;80;;;;;;;;
7940100,00;80;;;;;;;;
7940048,00;80;;;;;;;;
7939997,00;80;;;;;;;;
7940016,00;80;;;;;;;;
7940034,00;80;;;;;;;;
7940046,00;80;;;;;;;;
7940001,00;80;;;;;;;;
7940026,00;80;;;;;;;;
7940031,00;80;;;;;;;;
7940026,00;80;;;;;;;;
7940020,00;80;;;;;;;;
7940047,00;80;;;;;;;;
7940006,00;80;;;;;;;;
7939996,00;80;;;;;;;;
7940063,00;80;;;;;;;;
7940126,00;80;;;;;;;;
7940094,00;80;;;;;;;;
7940120,00;80;;;;;;;;
7940150,00;80;;;;;;;;
7940184,00;80;;;;;;;;
7940212,00;80;;;;;;;;
7940192,00;80;;;;;;;;
7940139,00;80;;;;;;;;
7940163,00;80;;;;;;;;
7940208,00;80;;;;;;;;
7940219,00;80;;;;;;;;
7940250,00;80;;;;;;;;
7940214,00;80;;;;;;;;
7940251,00;80;;;;;;;;
7940269,00;80;;;;;;;;
7940324,00;80;;;;;;;;
7940317,00;80;;;;;;;;
7940251,00;80;;;;;;;;
7940283,00;80;;;;;;;;
7940297,00;80;;;;;;;;
7940316,00;80;;;;;;;;
7940311,00;80;;;;;;;;
7940335,00;80;;;;;;;;
7940357,00;80;;;;;;;;
7940336,00;80;;;;;;;;
7940359,00;80;;;;;;;;
7940436,00;80;;;;;;;;
7940452,00;80;;;;;;;;
7940410,00;80;;;;;;;;
7851562,00;100;;;;;;;;
7851592,00;100;;;;;;;;
7851650,00;100;;;;;;;;
7851625,00;100;;;;;;;;
7851633,00;100;;;;;;;;
7851689,00;100;;;;;;;;
7851710,00;100;;;;;;;;
7851715,00;100;;;;;;;;
7851678,00;100;;;;;;;;
7851721,00;100;;;;;;;;
7851760,00;100;;;;;;;;
7851736,00;100;;;;;;;;
7851752,00;100;;;;;;;;
7851809,00;100;;;;;;;;
7851854,00;100;;;;;;;;
7851845,00;100;;;;;;;;
7851811,00;100;;;;;;;;
7851836,00;100;;;;;;;;
7851793,00;100;;;;;;;;
7851802,00;100;;;;;;;;
7851850,00;100;;;;;;;;
7851900,00;100;;;;;;;;
7851914,00;100;;;;;;;;
7851881,00;100;;;;;;;;
7851880,00;100;;;;;;;;
7851928,00;100;;;;;;;;
7851929,00;100;;;;;;;;
7851929,00;100;;;;;;;;
7851933,00;100;;;;;;;;
7851877,00;100;;;;;;;;
7851937,00;100;;;;;;;;
7851924,00;100;;;;;;;;
7851905,00;100;;;;;;;;
7851917,00;100;;;;;;;;
7851993,00;100;;;;;;;;
7852019,00;100;;;;;;;;
7851957,00;100;;;;;;;;
7851969,00;100;;;;;;;;
7852037,00;100;;;;;;;;
7852005,00;100;;;;;;;;
7852014,00;100;;;;;;;;
7852040,00;100;;;;;;;;
7852071,00;100;;;;;;;;
7852011,00;100;;;;;;;;
7852026,00;100;;;;;;;;
7852061,00;100;;;;;;;;
7852084,00;100;;;;;;;;
7852121,00;100;;;;;;;;
7852145,00;100;;;;;;;;
7852128,00;100;;;;;;;;
7852171,00;100;;;;;;;;
7852119,00;100;;;;;;;;
7852126,00;100;;;;;;;;
7852156,00;100;;;;;;;;
7852137,00;100;;;;;;;;
7852195,00;100;;;;;;;;
7852229,00;100;;;;;;;;
7852259,00;100;;;;;;;;
7852219,00;100;;;;;;;;
7852221,00;100;;;;;;;;
7852217,00;100;;;;;;;;
7852219,00;100;;;;;;;;
7852240,00;100;;;;;;;;
7852268,00;100;;;;;;;;
7852272,00;100;;;;;;;;
7852289,00;100;;;;;;;;
7852242,00;100;;;;;;;;
7852288,00;100;;;;;;;;
7852263,00;100;;;;;;;;
7852255,00;100;;;;;;;;
7852319,00;100;;;;;;;;
7852327,00;100;;;;;;;;
7852411,00;100;;;;;;;;
7852417,00;100;;;;;;;;
7852415,00;100;;;;;;;;
7852438,00;100;;;;;;;;
7852386,00;100;;;;;;;;
7852406,00;100;;;;;;;;
7852425,00;100;;;;;;;;
7852452,00;100;;;;;;;;
7852464,00;100;;;;;;;;
7852439,00;100;;;;;;;;
7852452,00;100;;;;;;;;
7852465,00;100;;;;;;;;
7852486,00;100;;;;;;;;
7852445,00;100;;;;;;;;
7852474,00;100;;;;;;;;
7852539,00;100;;;;;;;;
7852534,00;100;;;;;;;;
7852528,00;100;;;;;;;;
7852611,00;100;;;;;;;;
7852625,00;100;;;;;;;;
7852546,00;100;;;;;;;;
7852533,00;100;;;;;;;;
7852547,00;100;;;;;;;;
7852562,00;100;;;;;;;;
7852563,00;100;;;;;;;;
7852561,00;100;;;;;;;;
7852558,00;100;;;;;;;;
7852534,00;100;;;;;;;;
7852560,00;100;;;;;;;;
7852614,00;100;;;;;;;;
7852597,00;100;;;;;;;;
7852606,00;100;;;;;;;;
7852624,00;100;;;;;;;;
7852587,00;100;;;;;;;;
7852558,00;100;;;;;;;;
7852474,00;100;;;;;;;;
7850045,00;100;;;;;;;;
7843803,00;100;;;;;;;;
7838031,00;100;;;;;;;;
7832359,00;100;;;;;;;;
7761081,00;120;;;;;;;;
7761119,00;120;;;;;;;;
7761189,00;120;;;;;;;;
7761197,00;120;;;;;;;;
7761208,00;120;;;;;;;;
7761263,00;120;;;;;;;;
7761272,00;120;;;;;;;;
7761243,00;120;;;;;;;;
7761272,00;120;;;;;;;;
7761296,00;120;;;;;;;;
7761272,00;120;;;;;;;;
7761259,00;120;;;;;;;;
7761296,00;120;;;;;;;;
7761312,00;120;;;;;;;;
7761323,00;120;;;;;;;;
7761319,00;120;;;;;;;;
7761370,00;120;;;;;;;;
7761386,00;120;;;;;;;;
7761432,00;120;;;;;;;;
7761452,00;120;;;;;;;;
7761462,00;120;;;;;;;;
7761451,00;120;;;;;;;;
7761460,00;120;;;;;;;;
7761463,00;120;;;;;;;;
7761503,00;120;;;;;;;;
7761511,00;120;;;;;;;;
7761475,00;120;;;;;;;;
7761497,00;120;;;;;;;;
7761510,00;120;;;;;;;;
7761505,00;120;;;;;;;;
7761557,00;120;;;;;;;;
7761614,00;120;;;;;;;;
7761634,00;120;;;;;;;;
7761684,00;120;;;;;;;;
7761652,00;120;;;;;;;;
7761638,00;120;;;;;;;;
7761668,00;120;;;;;;;;
7761690,00;120;;;;;;;;
7761717,00;120;;;;;;;;
7761744,00;120;;;;;;;;
7761724,00;120;;;;;;;;
7761768,00;120;;;;;;;;
7761802,00;120;;;;;;;;
7761810,00;120;;;;;;;;
7761798,00;120;;;;;;;;
7761768,00;120;;;;;;;;
7761769,00;120;;;;;;;;
7761831,00;120;;;;;;;;
7761873,00;120;;;;;;;;
7761868,00;120;;;;;;;;
7761916,00;120;;;;;;;;
7761898,00;120;;;;;;;;
7761894,00;120;;;;;;;;
7761902,00;120;;;;;;;;
7761885,00;120;;;;;;;;
7761884,00;120;;;;;;;;
7761898,00;120;;;;;;;;
7761911,00;120;;;;;;;;
7761871,00;120;;;;;;;;
7761910,00;120;;;;;;;;
7761933,00;120;;;;;;;;
7761961,00;120;;;;;;;;
7762017,00;120;;;;;;;;
7762005,00;120;;;;;;;;
7761941,00;120;;;;;;;;
7762017,00;120;;;;;;;;
7762001,00;120;;;;;;;;
7762034,00;120;;;;;;;;
7762074,00;120;;;;;;;;
7762105,00;120;;;;;;;;
7762109,00;120;;;;;;;;
7762119,00;120;;;;;;;;
7762143,00;120;;;;;;;;
7762145,00;120;;;;;;;;
7762200,00;120;;;;;;;;
7762201,00;120;;;;;;;;
7762150,00;120;;;;;;;;
7762166,00;120;;;;;;;;
7762213,00;120;;;;;;;;
7762225,00;120;;;;;;;;
7762192,00;120;;;;;;;;
7762221,00;120;;;;;;;;
7762186,00;120;;;;;;;;
7762182,00;120;;;;;;;;
7762246,00;120;;;;;;;;
7762236,00;120;;;;;;;;
7762192,00;120;;;;;;;;
7762261,00;120;;;;;;;;
7762280,00;120;;;;;;;;
7762279,00;120;;;;;;;;
7762256,00;120;;;;;;;;
7762197,00;120;;;;;;;;
7762282,00;120;;;;;;;;
7762314,00;120;;;;;;;;
7762219,00;120;;;;;;;;
7762283,00;120;;;;;;;;
7762379,00;120;;;;;;;;
7762324,00;120;;;;;;;;
7762352,00;120;;;;;;;;
7762362,00;120;;;;;;;;
7762364,00;120;;;;;;;;
7762305,00;120;;;;;;;;
7762286,00;120;;;;;;;;
7762389,00;120;;;;;;;;
7762420,00;120;;;;;;;;
7762405,00;120;;;;;;;;
7762407,00;120;;;;;;;;
7762409,00;120;;;;;;;;
7762407,00;120;;;;;;;;
7762408,00;120;;;;;;;;
7762438,00;120;;;;;;;;
7762442,00;120;;;;;;;;
7762453,00;120;;;;;;;;
7762423,00;120;;;;;;;;
7762469,00;120;;;;;;;;
7762495,00;120;;;;;;;;
7762516,00;120;;;;;;;;
7762477,00;120;;;;;;;;
7673279,00;140;;;;;;;;
7673266,00;140;;;;;;;;
7673323,00;140;;;;;;;;
7673298,00;140;;;;;;;;
7673288,00;140;;;;;;;;
7673342,00;140;;;;;;;;
7673418,00;140;;;;;;;;
7673433,00;140;;;;;;;;
7673459,00;140;;;;;;;;
7673450,00;140;;;;;;;;
7673494,00;140;;;;;;;;
7673594,00;140;;;;;;;;
7673611,00;140;;;;;;;;
7673625,00;140;;;;;;;;
7673623,00;140;;;;;;;;
7673639,00;140;;;;;;;;
7673678,00;140;;;;;;;;
7673717,00;140;;;;;;;;
7673717,00;140;;;;;;;;
7673719,00;140;;;;;;;;
7673791,00;140;;;;;;;;
7673801,00;140;;;;;;;;
7673784,00;140;;;;;;;;
7673801,00;140;;;;;;;;
7673818,00;140;;;;;;;;
7673836,00;140;;;;;;;;
7673882,00;140;;;;;;;;
7673915,00;140;;;;;;;;
7673920,00;140;;;;;;;;
7673943,00;140;;;;;;;;
7673966,00;140;;;;;;;;
7674041,00;140;;;;;;;;
7674034,00;140;;;;;;;;
7674013,00;140;;;;;;;;
7674008,00;140;;;;;;;;
7674079,00;140;;;;;;;;
7674118,00;140;;;;;;;;
7674172,00;140;;;;;;;;
7674207,00;140;;;;;;;;
7674155,00;140;;;;;;;;
7674180,00;140;;;;;;;;
7674195,00;140;;;;;;;;
7674226,00;140;;;;;;;;
7674224,00;140;;;;;;;;
7674236,00;140;;;;;;;;
7674253,00;140;;;;;;;;
7674324,00;140;;;;;;;;
7674307,00;140;;;;;;;;
7674319,00;140;;;;;;;;
7674318,00;140;;;;;;;;
7674372,00;140;;;;;;;;
7674415,00;140;;;;;;;;
7674399,00;140;;;;;;;;
7674441,00;140;;;;;;;;
7674436,00;140;;;;;;;;
7674463,00;140;;;;;;;;
7674469,00;140;;;;;;;;
7674521,00;140;;;;;;;;
7674540,00;140;;;;;;;;
7674532,00;140;;;;;;;;
7674546,00;140;;;;;;;;
7674575,00;140;;;;;;;;
7674557,00;140;;;;;;;;
7674557,00;140;;;;;;;;
7674605,00;140;;;;;;;;
7674672,00;140;;;;;;;;
7674737,00;140;;;;;;;;
7674681,00;140;;;;;;;;
7674648,00;140;;;;;;;;
7674732,00;140;;;;;;;;
7674719,00;140;;;;;;;;
7674790,00;140;;;;;;;;
7674784,00;140;;;;;;;;
7674778,00;140;;;;;;;;
7674824,00;140;;;;;;;;
7674780,00;140;;;;;;;;
7674795,00;140;;;;;;;;
7674792,00;140;;;;;;;;
7674827,00;140;;;;;;;;
7674874,00;140;;;;;;;;
7674874,00;140;;;;;;;;
7674895,00;140;;;;;;;;
7674886,00;140;;;;;;;;
7674866,00;140;;;;;;;;
7674883,00;140;;;;;;;;
7674883,00;140;;;;;;;;
7674932,00;140;;;;;;;;
7675006,00;140;;;;;;;;
7675003,00;140;;;;;;;;
7675036,00;140;;;;;;;;
7675078,00;140;;;;;;;;
7675104,00;140;;;;;;;;
7675095,00;140;;;;;;;;
7675077,00;140;;;;;;;;
7675092,00;140;;;;;;;;
7675091,00;140;;;;;;;;
7675096,00;140;;;;;;;;
7675070,00;140;;;;;;;;
7675114,00;140;;;;;;;;
7675139,00;140;;;;;;;;
7675156,00;140;;;;;;;;
7675169,00;140;;;;;;;;
7675234,00;140;;;;;;;;
7675200,00;140;;;;;;;;
7675235,00;140;;;;;;;;
7675264,00;140;;;;;;;;
7675277,00;140;;;;;;;;
7675329,00;140;;;;;;;;
7675303,00;140;;;;;;;;
7675284,00;140;;;;;;;;
7675352,00;140;;;;;;;;
7675413,00;140;;;;;;;;
7675413,00;140;;;;;;;;
7675403,00;140;;;;;;;;
7675378,00;140;;;;;;;;
7675438,00;140;;;;;;;;
7675453,00;140;;;;;;;;
7675498,00;140;;;;;;;;
7675505,00;140;;;;;;;;
7675547,00;140;;;;;;;;
7675536,00;140;;;;;;;;
7582757,00;160;;;;;;;;
7582790,00;160;;;;;;;;
7582790,00;160;;;;;;;;
7582869,00;160;;;;;;;;
7582939,00;160;;;;;;;;
7582945,00;160;;;;;;;;
7582980,00;160;;;;;;;;
7583001,00;160;;;;;;;;
7583034,00;160;;;;;;;;
7583093,00;160;;;;;;;;
7583153,00;160;;;;;;;;
7583199,00;160;;;;;;;;
7583224,00;160;;;;;;;;
7583185,00;160;;;;;;;;
7583209,00;160;;;;;;;;
7583257,00;160;;;;;;;;
7583277,00;160;;;;;;;;
7583289,00;160;;;;;;;;
7583329,00;160;;;;;;;;
7583372,00;160;;;;;;;;
7583379,00;160;;;;;;;;
7583370,00;160;;;;;;;;
7583431,00;160;;;;;;;;
7583497,00;160;;;;;;;;
7583516,00;160;;;;;;;;
7583474,00;160;;;;;;;;
7583515,00;160;;;;;;;;
7583529,00;160;;;;;;;;
7583574,00;160;;;;;;;;
7583604,00;160;;;;;;;;
7583574,00;160;;;;;;;;
7583593,00;160;;;;;;;;
7583663,00;160;;;;;;;;
7583628,00;160;;;;;;;;
7583635,00;160;;;;;;;;
7583680,00;160;;;;;;;;
7583770,00;160;;;;;;;;
7583772,00;160;;;;;;;;
7583788,00;160;;;;;;;;
7583812,00;160;;;;;;;;
7583856,00;160;;;;;;;;
7583877,00;160;;;;;;;;
7583864,00;160;;;;;;;;
7583898,00;160;;;;;;;;
7583920,00;160;;;;;;;;
7583915,00;160;;;;;;;;
7583930,00;160;;;;;;;;
7583995,00;160;;;;;;;;
7584015,00;160;;;;;;;;
7583976,00;160;;;;;;;;
7583983,00;160;;;;;;;;
7584017,00;160;;;;;;;;
7584115,00;160;;;;;;;;
7584110,00;160;;;;;;;;
7584062,00;160;;;;;;;;
7584062,00;160;;;;;;;;
7584116,00;160;;;;;;;;
7584166,00;160;;;;;;;;
7584189,00;160;;;;;;;;
7584188,00;160;;;;;;;;
7584198,00;160;;;;;;;;
7584189,00;160;;;;;;;;
7584191,00;160;;;;;;;;
7584192,00;160;;;;;;;;
7584272,00;160;;;;;;;;
7584259,00;160;;;;;;;;
7584235,00;160;;;;;;;;
7584306,00;160;;;;;;;;
7584349,00;160;;;;;;;;
7584296,00;160;;;;;;;;
7584301,00;160;;;;;;;;
7584362,00;160;;;;;;;;
7584419,00;160;;;;;;;;
7584421,00;160;;;;;;;;
7584426,00;160;;;;;;;;
7584454,00;160;;;;;;;;
7584509,00;160;;;;;;;;
7584514,00;160;;;;;;;;
7584556,00;160;;;;;;;;
7584574,00;160;;;;;;;;
7584595,00;160;;;;;;;;
7584606,00;160;;;;;;;;
7584588,00;160;;;;;;;;
7584570,00;160;;;;;;;;
7584622,00;160;;;;;;;;
7584705,00;160;;;;;;;;
7584674,00;160;;;;;;;;
7584643,00;160;;;;;;;;
7584665,00;160;;;;;;;;
7584738,00;160;;;;;;;;
7584731,00;160;;;;;;;;
7584732,00;160;;;;;;;;
7584767,00;160;;;;;;;;
7584754,00;160;;;;;;;;
7584778,00;160;;;;;;;;
7584793,00;160;;;;;;;;
7584779,00;160;;;;;;;;
7584768,00;160;;;;;;;;
7584809,00;160;;;;;;;;
7584824,00;160;;;;;;;;
7584840,00;160;;;;;;;;
7584924,00;160;;;;;;;;
7584910,00;160;;;;;;;;
7584921,00;160;;;;;;;;
7584978,00;160;;;;;;;;
7585016,00;160;;;;;;;;
7585002,00;160;;;;;;;;
7584975,00;160;;;;;;;;
7584981,00;160;;;;;;;;
7584995,00;160;;;;;;;;
7584989,00;160;;;;;;;;
7585032,00;160;;;;;;;;
7585015,00;160;;;;;;;;
7585026,00;160;;;;;;;;
7585087,00;160;;;;;;;;
7585108,00;160;;;;;;;;
7585118,00;160;;;;;;;;
7585134,00;160;;;;;;;;
7585140,00;160;;;;;;;;
7585183,00;160;;;;;;;;
7585186,00;160;;;;;;;;
7585262,00;160;;;;;;;;
7585246,00;160;;;;;;;;
7585286,00;160;;;;;;;;
7585298,00;160;;;;;;;;
7585300,00;160;;;;;;;;
7585307,00;160;;;;;;;;
7585369,00;160;;;;;;;;
7585413,00;160;;;;;;;;
7585381,00;160;;;;;;;;
7585349,00;160;;;;;;;;
7585406,00;160;;;;;;;;
7585389,00;160;;;;;;;;
7585407,00;160;;;;;;;;
7585397,00;160;;;;;;;;
7495140,00;180;;;;;;;;
7495160,00;180;;;;;;;;
7495165,00;180;;;;;;;;
7495156,00;180;;;;;;;;
7495195,00;180;;;;;;;;
7495207,00;180;;;;;;;;
7495228,00;180;;;;;;;;
7495255,00;180;;;;;;;;
7495240,00;180;;;;;;;;
7495218,00;180;;;;;;;;
7495195,00;180;;;;;;;;
7495219,00;180;;;;;;;;
7495270,00;180;;;;;;;;
7495282,00;180;;;;;;;;
7495267,00;180;;;;;;;;
7495272,00;180;;;;;;;;
7495253,00;180;;;;;;;;
7495262,00;180;;;;;;;;
7495291,00;180;;;;;;;;
7495233,00;180;;;;;;;;
7495229,00;180;;;;;;;;
7495235,00;180;;;;;;;;
7495290,00;180;;;;;;;;
7495306,00;180;;;;;;;;
7495276,00;180;;;;;;;;
7495277,00;180;;;;;;;;
7495292,00;180;;;;;;;;
7495301,00;180;;;;;;;;
7495295,00;180;;;;;;;;
7495301,00;180;;;;;;;;
7495299,00;180;;;;;;;;
7495271,00;180;;;;;;;;
7495275,00;180;;;;;;;;
7495294,00;180;;;;;;;;
7495280,00;180;;;;;;;;
7495300,00;180;;;;;;;;
7495266,00;180;;;;;;;;
7495282,00;180;;;;;;;;
7495363,00;180;;;;;;;;
7495364,00;180;;;;;;;;
7495324,00;180;;;;;;;;
7495326,00;180;;;;;;;;
7495366,00;180;;;;;;;;
7495356,00;180;;;;;;;;
7495365,00;180;;;;;;;;
7495403,00;180;;;;;;;;
7495442,00;180;;;;;;;;
7495438,00;180;;;;;;;;
7495462,00;180;;;;;;;;
7495424,00;180;;;;;;;;
7495403,00;180;;;;;;;;
7495410,00;180;;;;;;;;
7495413,00;180;;;;;;;;
7495401,00;180;;;;;;;;
7495422,00;180;;;;;;;;
7495453,00;180;;;;;;;;
7495448,00;180;;;;;;;;
7495417,00;180;;;;;;;;
7495444,00;180;;;;;;;;
7495437,00;180;;;;;;;;
7495450,00;180;;;;;;;;
7495450,00;180;;;;;;;;
7495420,00;180;;;;;;;;
7495429,00;180;;;;;;;;
7495434,00;180;;;;;;;;
7495405,00;180;;;;;;;;
7495416,00;180;;;;;;;;
7495444,00;180;;;;;;;;
7495484,00;180;;;;;;;;
7495458,00;180;;;;;;;;
7495512,00;180;;;;;;;;
7495478,00;180;;;;;;;;
7495489,00;180;;;;;;;;
7495477,00;180;;;;;;;;
7495463,00;180;;;;;;;;
7495448,00;180;;;;;;;;
7495522,00;180;;;;;;;;
7495536,00;180;;;;;;;;
7495480,00;180;;;;;;;;
7495543,00;180;;;;;;;;
7495594,00;180;;;;;;;;
7495572,00;180;;;;;;;;
7495534,00;180;;;;;;;;
7495575,00;180;;;;;;;;
7495580,00;180;;;;;;;;
7495555,00;180;;;;;;;;
7495522,00;180;;;;;;;;
7495527,00;180;;;;;;;;
7495496,00;180;;;;;;;;
7495507,00;180;;;;;;;;
7495554,00;180;;;;;;;;
7495540,00;180;;;;;;;;
7495567,00;180;;;;;;;;
7495596,00;180;;;;;;;;
7495577,00;180;;;;;;;;
7495579,00;180;;;;;;;;
7495572,00;180;;;;;;;;
7495552,00;180;;;;;;;;
7495584,00;180;;;;;;;;
7495598,00;180;;;;;;;;
7495583,00;180;;;;;;;;
7495633,00;180;;;;;;;;
7495697,00;180;;;;;;;;
7495636,00;180;;;;;;;;
7495605,00;180;;;;;;;;
7495614,00;180;;;;;;;;
7495680,00;180;;;;;;;;
7495666,00;180;;;;;;;;
7495606,00;180;;;;;;;;
7495569,00;180;;;;;;;;
7495624,00;180;;;;;;;;
7495638,00;180;;;;;;;;
7495616,00;180;;;;;;;;
7403783,00;200;;;;;;;;
7403832,00;200;;;;;;;;
7403852,00;200;;;;;;;;
7403912,00;200;;;;;;;;
7403903,00;200;;;;;;;;
7403935,00;200;;;;;;;;
7403912,00;200;;;;;;;;
7403902,00;200;;;;;;;;
7403944,00;200;;;;;;;;
7403948,00;200;;;;;;;;
7403968,00;200;;;;;;;;
7404000,00;200;;;;;;;;
7404017,00;200;;;;;;;;
7404017,00;200;;;;;;;;
7403998,00;200;;;;;;;;
7404045,00;200;;;;;;;;
7404075,00;200;;;;;;;;
7404023,00;200;;;;;;;;
7404017,00;200;;;;;;;;
7404017,00;200;;;;;;;;
7404037,00;200;;;;;;;;
7404076,00;200;;;;;;;;
7404162,00;200;;;;;;;;
7404127,00;200;;;;;;;;
7404118,00;200;;;;;;;;
7404142,00;200;;;;;;;;
7404145,00;200;;;;;;;;
7404148,00;200;;;;;;;;
7404173,00;200;;;;;;;;
7404186,00;200;;;;;;;;
7404170,00;200;;;;;;;;
7404208,00;200;;;;;;;;
7404180,00;200;;;;;;;;
7404182,00;200;;;;;;;;
7404205,00;200;;;;;;;;
7404304,00;200;;;;;;;;
7404314,00;200;;;;;;;;
7404301,00;200;;;;;;;;
7404313,00;200;;;;;;;;
7404299,00;200;;;;;;;;
7404308,00;200;;;;;;;;
7404323,00;200;;;;;;;;
7404335,00;200;;;;;;;;
7404317,00;200;;;;;;;;
7404274,00;200;;;;;;;;
7404321,00;200;;;;;;;;
7404358,00;200;;;;;;;;
7404346,00;200;;;;;;;;
7404390,00;200;;;;;;;;
7404434,00;200;;;;;;;;
7404429,00;200;;;;;;;;
7404399,00;200;;;;;;;;
7404408,00;200;;;;;;;;
7404444,00;200;;;;;;;;
7404454,00;200;;;;;;;;
7404495,00;200;;;;;;;;
7404529,00;200;;;;;;;;
7404524,00;200;;;;;;;;
7404509,00;200;;;;;;;;
7404507,00;200;;;;;;;;
7404498,00;200;;;;;;;;
7404571,00;200;;;;;;;;
7404555,00;200;;;;;;;;
7404489,00;200;;;;;;;;
7404492,00;200;;;;;;;;
7404541,00;200;;;;;;;;
7404634,00;200;;;;;;;;
7404636,00;200;;;;;;;;
7404614,00;200;;;;;;;;
7404602,00;200;;;;;;;;
7404608,00;200;;;;;;;;
7404609,00;200;;;;;;;;
7404668,00;200;;;;;;;;
7404763,00;200;;;;;;;;
7404805,00;200;;;;;;;;
7404722,00;200;;;;;;;;
7404740,00;200;;;;;;;;
7404788,00;200;;;;;;;;
7404774,00;200;;;;;;;;
7404798,00;200;;;;;;;;
7404841,00;200;;;;;;;;
7404844,00;200;;;;;;;;
7404886,00;200;;;;;;;;
7404854,00;200;;;;;;;;
7404864,00;200;;;;;;;;
7404880,00;200;;;;;;;;
7404906,00;200;;;;;;;;
7404936,00;200;;;;;;;;
7404921,00;200;;;;;;;;
7404949,00;200;;;;;;;;
7405007,00;200;;;;;;;;
7405000,00;200;;;;;;;;
7405043,00;200;;;;;;;;
7404974,00;200;;;;;;;;
7404961,00;200;;;;;;;;
7405058,00;200;;;;;;;;
7405058,00;200;;;;;;;;
7405031,00;200;;;;;;;;
7405048,00;200;;;;;;;;
7405081,00;200;;;;;;;;
7405082,00;200;;;;;;;;
7405115,00;200;;;;;;;;
7405172,00;200;;;;;;;;
7405158,00;200;;;;;;;;
7405208,00;200;;;;;;;;
7405231,00;200;;;;;;;;
7405208,00;200;;;;;;;;
7405203,00;200;;;;;;;;
7405197,00;200;;;;;;;;
7405239,00;200;;;;;;;;
7405216,00;200;;;;;;;;
7405203,00;200;;;;;;;;
7405234,00;200;;;;;;;;
7405341,00;200;;;;;;;;
7405302,00;200;;;;;;;;
7405268,00;200;;;;;;;;
7405283,00;200;;;;;;;;
7405297,00;200;;;;;;;;
7405330,00;200;;;;;;;;
